title,completed
Document webhook delivery #1,false
Ship rate limiter #2,false
Test auth module #3,true
Configure webhook delivery #4,false
Refactor rate limiter #5,false
Audit auth module #6,true
Deploy webhook delivery #7,false
Migrate rate limiter #8,false
Write auth module #9,true
Optimize webhook delivery #10,false
Fix rate limiter #11,false
Investigate auth module #12,true
Update webhook delivery #13,false
Design rate limiter #14,false
Review auth module #15,true
Document webhook delivery #16,false
Ship rate limiter #17,false
Test auth module #18,true
Configure webhook delivery #19,false
Refactor rate limiter #20,false
Audit auth module #21,true
Deploy webhook delivery #22,false
Migrate rate limiter #23,false
Write auth module #24,true
Optimize webhook delivery #25,false
Fix rate limiter #26,false
Investigate auth module #27,true
Update webhook delivery #28,false
Design rate limiter #29,false
Review auth module #30,true
Document webhook delivery #31,false
Ship rate limiter #32,false
Test auth module #33,true
Configure webhook delivery #34,false
Refactor rate limiter #35,false
Audit auth module #36,true
Deploy webhook delivery #37,false
Migrate rate limiter #38,false
Write auth module #39,true
Optimize webhook delivery #40,false
Fix rate limiter #41,false
Investigate auth module #42,true
Update webhook delivery #43,false
Design rate limiter #44,false
Review auth module #45,true
Document webhook delivery #46,false
Ship rate limiter #47,false
Test auth module #48,true
Configure webhook delivery #49,false
Refactor rate limiter #50,false
Audit auth module #51,true
Deploy webhook delivery #52,false
Migrate rate limiter #53,false
Write auth module #54,true
Optimize webhook delivery #55,false
Fix rate limiter #56,false
Investigate auth module #57,true
Update webhook delivery #58,false
Design rate limiter #59,false
Review auth module #60,true
Document webhook delivery #61,false
Ship rate limiter #62,false
Test auth module #63,true
Configure webhook delivery #64,false
Refactor rate limiter #65,false
Audit auth module #66,true
Deploy webhook delivery #67,false
Migrate rate limiter #68,false
Write auth module #69,true
Optimize webhook delivery #70,false
Fix rate limiter #71,false
Investigate auth module #72,true
Update webhook delivery #73,false
Design rate limiter #74,false
Review auth module #75,true
Document webhook delivery #76,false
Ship rate limiter #77,false
Test auth module #78,true
Configure webhook delivery #79,false
Refactor rate limiter #80,false
Audit auth module #81,true
Deploy webhook delivery #82,false
Migrate rate limiter #83,false
Write auth module #84,true
Optimize webhook delivery #85,false
Fix rate limiter #86,false
Investigate auth module #87,true
Update webhook delivery #88,false
Design rate limiter #89,false
Review auth module #90,true
Document webhook delivery #91,false
Ship rate limiter #92,false
Test auth module #93,true
Configure webhook delivery #94,false
Refactor rate limiter #95,false
Audit auth module #96,true
Deploy webhook delivery #97,false
Migrate rate limiter #98,false
Write auth module #99,true
Optimize webhook delivery #100,false
Fix rate limiter #101,false
Investigate auth module #102,true
Update webhook delivery #103,false
Design rate limiter #104,false
Review auth module #105,true
Document webhook delivery #106,false
Ship rate limiter #107,false
Test auth module #108,true
Configure webhook delivery #109,false
Refactor rate limiter #110,false
Audit auth module #111,true
Deploy webhook delivery #112,false
Migrate rate limiter #113,false
Write auth module #114,true
Optimize webhook delivery #115,false
Fix rate limiter #116,false
Investigate auth module #117,true
Update webhook delivery #118,false
Design rate limiter #119,false
Review auth module #120,true
